key_date,key_amount_clp,meta_invoice_id,meta_brand,meta_date,meta_transaction_id,meta_payment_reference,meta_amount_clp,meta_status,meta_source_file,cartola_row,cartola_reference,cartola_date,cartola_facebk_code,cartola_amount_clp,cartola_amount_usd,cartola_city,cartola_description
2026-03-10,600000,meta-almagro-inmobiliaria-2026-03,Almagro Inmobiliaria,2026-03-10,25935519369466764-25856422970709742,,600000,Pagado,Facturas Meta\Almagro\marzo_2026\2026-03-10T20-23 Transacción n.º 25935519369466764-25856422970709742.pdf,16,1103 74987506069000322721073,2026-03-10,QXTTDJZ5E2,600000,672.26,fb.me/ads,FACEBK *QXTTDJZ5E2
2026-03-10,600000,meta-almagro-inmobiliaria-2026-03,Almagro Inmobiliaria,2026-03-10,25976871075331596-25928309896854378,,600000,Pagado,Facturas Meta\Almagro\marzo_2026\2026-03-10T03-50 Transacción n.º 25976871075331596-25928309896854378.pdf,15,1103 74987506069000307752226,2026-03-10,RZ77YHD6E2,600000,672.26,fb.me/ads,FACEBK *RZ77YHD6E2
2026-03-11,600000,meta-almagro-inmobiliaria-2026-03,Almagro Inmobiliaria,2026-03-11,25991736590511711-25996376553381042,,600000,Pagado,Facturas Meta\Almagro\marzo_2026\2026-03-11T14-58 Transacción n.º 25991736590511711-25996376553381042.pdf,19,1203 74987506070003026025061,2026-03-11,6AKJ2HV5E2,600000,693.68,fb.me/ads,FACEBK *6AKJ2HV5E2
2026-03-11,600000,meta-pilares-2026-03,Pilares,2026-03-11,26338985145788789-26253201047700538,,600000,Pagado,Facturas Meta\Pilares\marzo_2026\2026-03-11T02-04 Transacción n.º 26338985145788789-26253201047700538.pdf,18,1203 74987506070000006042090,2026-03-11,APWVYGV5E2,600000,693.68,fb.me/ads,FACEBK *APWVYGV5E2
2026-03-11,600000,meta-socovesa-2026-03,Socovesa,2026-03-11,26197584616599399-26662092860148571,,600000,Pagado,Facturas Meta\Socovesa\marzo_2026\2026-03-11T13-10 Transacción n.º 26197584616599399-26662092860148571.pdf,20,1103 74987506069000144089220,2026-03-11,DDT28H56E2,600000,693.68,fb.me/ads,FACEBK *DDT28H56E2
2026-03-12,600000,meta-almagro-inmobiliaria-2026-03,Almagro Inmobiliaria,2026-03-12,25954882590863774-25890506970634676,,600000,Pagado,Facturas Meta\Almagro\marzo_2026\2026-03-12T09-57 Transacción n.º 25954882590863774-25890506970634676.pdf,21,1303 74987506071000227733088,2026-03-12,FLML5HV5E2,600000,685.53,fb.me/ads,FACEBK *FLML5HV5E2
2026-03-12,600000,meta-almagro-inmobiliaria-2026-03,Almagro Inmobiliaria,2026-03-12,26268335589518470-26004200112598690,,600000,Pagado,Facturas Meta\Almagro\marzo_2026\2026-03-12T23-48 Transacción n.º 26268335589518470-26004200112598690.pdf,23,1303 74987506071000221330097,2026-03-12,L8HESGV6E2,600000,685.53,fb.me/ads,FACEBK *L8HESGV6E2
2026-03-12,600000,meta-pilares-2026-03,Pilares,2026-03-12,26219499671070669-26270612969292679,,600000,Pagado,Facturas Meta\Pilares\marzo_2026\2026-03-12T18-27 Transacción n.º 26219499671070669-26270612969292679.pdf,22,1303 74987506071000337552089,2026-03-12,T88GDH96E2,600000,685.53,fb.me/ads,FACEBK *T88GDH96E2
2026-03-13,600000,meta-almagro-inmobiliaria-2026-03,Almagro Inmobiliaria,2026-03-13,25980884861596877-26018977457787618,,600000,Pagado,Facturas Meta\Almagro\marzo_2026\2026-03-13T19-23 Transacción n.º 25980884861596877-26018977457787618.pdf,24,1303 74987506072000203636064,2026-03-13,2WVY4HR6E2,600000,673.82,fb.me/ads,FACEBK *2WVY4HR6E2
2026-03-13,600000,meta-socovesa-2026-03,Socovesa,2026-03-13,26280110028346855-26301554869535710,,600000,Pagado,Facturas Meta\Socovesa\marzo_2026\2026-03-13T14-12 Transacción n.º 26280110028346855-26301554869535710.pdf,25,1603 74987506072000543458096,2026-03-13,48TCPJZ5E2,600000,669.76,fb.me/ads,FACEBK *48TCPJZ5E2
2026-03-14,600000,meta-almagro-inmobiliaria-2026-03,Almagro Inmobiliaria,2026-03-14,25893272167024822-25976010625417637,,600000,Pagado,Facturas Meta\Almagro\marzo_2026\2026-03-14T11-51 Transacción n.º 25893272167024822-25976010625417637.pdf,27,1603 74987506073000316849082,2026-03-14,84WUZHM6E2,600000,669.76,fb.me/ads,FACEBK *84WUZHM6E2
2026-03-14,600000,meta-pilares-2026-03,Pilares,2026-03-14,26356350777385563-26427528346934469,,600000,Pagado,Facturas Meta\Pilares\marzo_2026\2026-03-14T09-52 Transacción n.º 26356350777385563-26427528346934469.pdf,28,1603 74987506073000424056224,2026-03-14,KCRD9HR6E2,600000,669.76,fb.me/ads,FACEBK *KCRD9HR6E2
2026-03-14,600000,meta-socovesa-2026-03,Socovesa,2026-03-14,26229408633417003-26344691261888732,,600000,Pagado,Facturas Meta\Socovesa\marzo_2026\2026-03-14T09-18 Transacción n.º 26229408633417003-26344691261888732.pdf,29,1603 74143616074000064362228,2026-03-14,LLJ3RJZ5E2,600000,669.76,DUBLIN,FACEBK *LLJ3RJZ5E2
2026-03-15,600000,meta-almagro-inmobiliaria-2026-03,Almagro Inmobiliaria,2026-03-15,25924677263884313-25974661135552589,,600000,Pagado,Facturas Meta\Almagro\marzo_2026\2026-03-15T20-16 Transacción n.º 25924677263884313-25974661135552589.pdf,31,1603 74987506074000837422228,2026-03-15,5KECFHV5E2,600000,669.76,fb.me/ads,FACEBK *5KECFHV5E2
2026-03-15,600000,meta-almagro-inmobiliaria-2026-03,Almagro Inmobiliaria,2026-03-15,25977952528556781-26026762383675798,,600000,Pagado,Facturas Meta\Almagro\marzo_2026\2026-03-15T02-52 Transacción n.º 25977952528556781-26026762383675798.pdf,32,1603 74987506074000306346098,2026-03-15,EJ3T3JM6E2,600000,669.76,fb.me/ads,FACEBK *EJ3T3JM6E2
2026-03-15,600000,meta-pilares-2026-03,Pilares,2026-03-15,26249338821420087-26260174387003202,,600000,Pagado,Facturas Meta\Pilares\marzo_2026\2026-03-15T18-41 Transacción n.º 26249338821420087-26260174387003202.pdf,30,1603 74987506074000402602097,2026-03-15,HGYMAHR6E2,600000,669.76,fb.me/ads,FACEBK *HGYMAHR6E2
2026-03-16,600000,meta-almagro-inmobiliaria-2026-03,Almagro Inmobiliaria,2026-03-16,26304381509247211-26042025678816135,,600000,Pagado,Facturas Meta\Almagro\marzo_2026\2026-03-16T14-47 Transacción n.º 26304381509247211-26042025678816135.pdf,33,1703 74987506075004124665217,2026-03-16,6XWKXJZ5E2,600000,669.76,fb.me/ads,FACEBK *6XWKXJZ5E2
2026-03-16,600000,meta-socovesa-2026-03,Socovesa,2026-03-16,26374537935570734-26374537998904061,,600000,Pagado,Facturas Meta\Socovesa\marzo_2026\2026-03-16T16-24 Transacción n.º 26374537935570734-26374537998904061.pdf,36,1603 74987506074000839804225,2026-03-16,93RHFHV5E2,600000,669.76,fb.me/ads,FACEBK *93RHFHV5E2
2026-03-17,600000,meta-almagro-inmobiliaria-2026-03,Almagro Inmobiliaria,2026-03-17,25921914660827239-26001048502913850,,600000,Pagado,Facturas Meta\Almagro\marzo_2026\2026-03-17T08-08 Transacción n.º 25921914660827239-26001048502913850.pdf,39,1803 74987506076000917630219,2026-03-17,4YGQHHR6E2,600000,676.34,fb.me/ads,FACEBK *4YGQHHR6E2
2026-03-17,600000,meta-almagro-inmobiliaria-2026-03,Almagro Inmobiliaria,2026-03-17,26056699947348708-26023023857382977,,600000,Pagado,Facturas Meta\Almagro\marzo_2026\2026-03-17T22-41 Transacción n.º 26056699947348708-26023023857382977.pdf,38,1803 74987506076000919172210,2026-03-17,HDNYLJH6E2,600000,676.34,fb.me/ads,FACEBK *HDNYLJH6E2
2026-03-17,600000,meta-pilares-2026-03,Pilares,2026-03-17,26457749340579036-26457749450579025,,600000,Pagado,Facturas Meta\Pilares\marzo_2026\2026-03-17T08-43 Transacción n.º 26457749340579036-26457749450579025.pdf,37,1803 74987506076000824340217,2026-03-17,KV2BTH56E2,600000,676.34,fb.me/ads,FACEBK *KV2BTH56E2
2026-03-18,600000,meta-almagro-inmobiliaria-2026-03,Almagro Inmobiliaria,2026-03-18,26063373030014731-26016616478023719,,600000,Pagado,Facturas Meta\Almagro\marzo_2026\2026-03-18T19-15 Transacción n.º 26063373030014731-26016616478023719.pdf,42,1903 74987506077000818054062,2026-03-18,UZ2KDJM6E2,600000,677.86,fb.me/ads,FACEBK *UZ2KDJM6E2
2026-03-18,600000,meta-pilares-2026-03,Pilares,2026-03-18,26420535277633772-26402255669461740,,600000,Pagado,Facturas Meta\Pilares\marzo_2026\2026-03-18T20-57 Transacción n.º 26420535277633772-26402255669461740.pdf,40,1803 74987506077000902187067,2026-03-18,ZRCNAHV6E2,600000,677.86,fb.me/ads,FACEBK *ZRCNAHV6E2
2026-03-18,600000,meta-socovesa-2026-03,Socovesa,2026-03-18,26226165760407948-26221355230889009,,600000,Pagado,Facturas Meta\Socovesa\marzo_2026\2026-03-18T08-39 Transacción n.º 26226165760407948-26221355230889009.pdf,41,1903 74987506077000440676225,2026-03-18,ZSVBRJH6E2,600000,673.93,fb.me/ads,FACEBK *ZSVBRJH6E2
2026-03-19,600000,meta-almagro-inmobiliaria-2026-03,Almagro Inmobiliaria,2026-03-19,26028438350174864-26014320271586675,,600000,Pagado,Facturas Meta\Almagro\marzo_2026\2026-03-19T14-56 Transacción n.º 26028438350174864-26014320271586675.pdf,44,1903 74987506077000649489065,2026-03-19,LQWCXH96E2,600000,673.93,fb.me/ads,FACEBK *LQWCXH96E2
2026-03-19,600000,meta-socovesa-2026-03,Socovesa,2026-03-19,26409643652060162-26243635545327636,,600000,Pagado,Facturas Meta\Socovesa\marzo_2026\2026-03-19T22-56 Transacción n.º 26409643652060162-26243635545327636.pdf,45,2003 74987506078000536602068,2026-03-19,VXKH8KZ5E2,600000,673.93,fb.me/ads,FACEBK *VXKH8KZ5E2
2026-03-19,600000,meta-socovesa-2026-03,Socovesa,2026-03-19,26739993119025211-26357848407239689,,600000,Pagado,Facturas Meta\Socovesa\marzo_2026\2026-03-19T02-36 Transacción n.º 26739993119025211-26357848407239689.pdf,43,2003 74987506078000606074214,2026-03-19,ZEA2YH96E2,600000,673.93,fb.me/ads,FACEBK *ZEA2YH96E2
2026-03-20,600000,meta-almagro-inmobiliaria-2026-03,Almagro Inmobiliaria,2026-03-20,25955356844149687-26088378854180811,,600000,Pagado,Facturas Meta\Almagro\marzo_2026\2026-03-20T09-52 Transacción n.º 25955356844149687-26088378854180811.pdf,48,2003 74987506079000801975073,2026-03-20,HGS9VJD6E2,600000,669.87,fb.me/ads,FACEBK *HGS9VJD6E2
2026-03-20,600000,meta-pilares-2026-03,Pilares,2026-03-20,26353973367623305-26441598285527471,,600000,Pagado,Facturas Meta\Pilares\marzo_2026\2026-03-20T15-41 Transacción n.º 26353973367623305-26441598285527471.pdf,47,2303 74143616080000063312697,2026-03-20,HLAJ4J56E2,600000,669.87,DUBLIN,FACEBK *HLAJ4J56E2
2026-03-20,600000,meta-socovesa-2026-03,Socovesa,2026-03-20,26295903173434209-26420996014258259,,600000,Pagado,Facturas Meta\Socovesa\marzo_2026\2026-03-20T21-03 Transacción n.º 26295903173434209-26420996014258259.pdf,46,2303 74987506079000924312071,2026-03-20,USECUHR6E2,600000,669.87,fb.me/ads,FACEBK *USECUHR6E2
2026-03-21,600000,meta-almagro-inmobiliaria-2026-03,Almagro Inmobiliaria,2026-03-21,26040948745590494-25972243865794318,,600000,Pagado,Facturas Meta\Almagro\marzo_2026\2026-03-21T19-49 Transacción n.º 26040948745590494-25972243865794318.pdf,49,2303 74987506080000203984225,2026-03-21,97JK6J96E2,600000,665.21,fb.me/ads,FACEBK *97JK6J96E2
2026-03-21,600000,meta-almagro-inmobiliaria-2026-03,Almagro Inmobiliaria,2026-03-21,26042324918786208-26091225407229495,,600000,Pagado,Facturas Meta\Almagro\marzo_2026\2026-03-21T00-31 Transacción n.º 26042324918786208-26091225407229495.pdf,51,2303 74987506080000700060081,2026-03-21,DWETMJM6E2,600000,665.21,fb.me/ads,FACEBK *DWETMJM6E2
2026-03-21,600000,meta-socovesa-2026-03,Socovesa,2026-03-21,26389373784087151-26260749186949613,,600000,Pagado,Facturas Meta\Socovesa\marzo_2026\2026-03-21T18-05 Transacción n.º 26389373784087151-26260749186949613.pdf,50,2303 74987506080000151673069,2026-03-21,FJH7PHV6E2,600000,665.21,fb.me/ads,FACEBK *FJH7PHV6E2
2026-03-22,600000,meta-almagro-inmobiliaria-2026-03,Almagro Inmobiliaria,2026-03-22,26075628772122485-26063876473297718,,600000,Pagado,Facturas Meta\Almagro\marzo_2026\2026-03-22T15-08 Transacción n.º 26075628772122485-26063876473297718.pdf,55,2303 74987506081000934662214,2026-03-22,RNFB6KD6E2,600000,665.21,fb.me/ads,FACEBK *RNFB6KD6E2
2026-03-22,600000,meta-pilares-2026-03,Pilares,2026-03-22,26373293129024659-26369485259405449,,600000,Pagado,Facturas Meta\Pilares\marzo_2026\2026-03-22T00-13 Transacción n.º 26373293129024659-26369485259405449.pdf,53,2303 74987506081000200314029,2026-03-22,TTM24KH6E2,600000,665.21,fb.me/ads,FACEBK *TTM24KH6E2
2026-03-22,600000,meta-socovesa-2026-03,Socovesa,2026-03-22,26781350754889447-26321128680911661,,600000,Pagado,Facturas Meta\Socovesa\marzo_2026\2026-03-22T15-12 Transacción n.º 26781350754889447-26321128680911661.pdf,54,2303 74987506081000534576210,2026-03-22,XSGT2JR6E2,600000,665.21,fb.me/ads,FACEBK *XSGT2JR6E2
2026-03-23,600000,meta-almagro-inmobiliaria-2026-03,Almagro Inmobiliaria,2026-03-23,26058423803842988-26123011414050888,,600000,Pagado,Facturas Meta\Almagro\marzo_2026\2026-03-23T10-38 Transacción n.º 26058423803842988-26123011414050888.pdf,57,2403 74987506082003201724062,2026-03-23,CRPLEJ56E2,600000,665.21,fb.me/ads,FACEBK *CRPLEJ56E2
2026-03-23,600000,meta-pilares-2026-03,Pilares,2026-03-23,26476383325382300-26476383382048961,,600000,Pagado,Facturas Meta\Pilares\marzo_2026\2026-03-23T17-23 Transacción n.º 26476383325382300-26476383382048961.pdf,58,2403 74987506082003111498088,2026-03-23,TGXR9JV5E2,600000,665.21,fb.me/ads,FACEBK *TGXR9JV5E2
2026-03-23,600000,meta-socovesa-2026-03,Socovesa,2026-03-23,26325097120514814-26408299198861276,,600000,Pagado,Facturas Meta\Socovesa\marzo_2026\2026-03-23T12-00 Transacción n.º 26325097120514814-26408299198861276.pdf,56,2403 74987506082001120805095,2026-03-23,ZTTR8KD6E2,600000,665.21,fb.me/ads,FACEBK *ZTTR8KD6E2
2026-03-24,600000,meta-almagro-inmobiliaria-2026-03,Almagro Inmobiliaria,2026-03-24,26014778458207526-25996160706735967,,600000,Pagado,Facturas Meta\Almagro\marzo_2026\2026-03-24T01-13 Transacción n.º 26014778458207526-25996160706735967.pdf,60,2503 74987506083000417593082,2026-03-24,HDDBHJ96E2,600000,671.76,fb.me/ads,FACEBK *HDDBHJ96E2
2026-03-24,600000,meta-almagro-inmobiliaria-2026-03,Almagro Inmobiliaria,2026-03-24,26088650174153681-26024539517231420,,600000,Pagado,Facturas Meta\Almagro\marzo_2026\2026-03-24T21-34 Transacción n.º 26088650174153681-26024539517231420.pdf,59,2403 74987506083000904370069,2026-03-24,MZ9GAKH6E2,600000,671.76,fb.me/ads,FACEBK *MZ9GAKH6E2
2026-03-25,600000,meta-almagro-inmobiliaria-2026-03,Almagro Inmobiliaria,2026-03-25,26141632668855433-26148889951463034,,600000,Pagado,Facturas Meta\Almagro\marzo_2026\2026-03-25T17-09 Transacción n.º 26141632668855433-26148889951463034.pdf,62,2603 74987506084000856300220,2026-03-25,GZXK3JV6E2,600000,671.44,fb.me/ads,FACEBK *GZXK3JV6E2
2026-03-25,600000,meta-pilares-2026-03,Pilares,2026-03-25,26598692686484698-26410893068597998,,600000,Pagado,Facturas Meta\Pilares\marzo_2026\2026-03-25T09-32 Transacción n.º 26598692686484698-26410893068597998.pdf,61,2503 74987506084000600884065,2026-03-25,P8FGDKD6E2,600000,671.44,fb.me/ads,FACEBK *P8FGDKD6E2
2026-03-25,600000,meta-socovesa-2026-03,Socovesa,2026-03-25,26464036493287541-26352987171059148,,600000,Pagado,Facturas Meta\Socovesa\marzo_2026\2026-03-25T07-08 Transacción n.º 26464036493287541-26352987171059148.pdf,63,2603 74987506084000726409227,2026-03-25,Z3SA4KM6E2,600000,671.44,fb.me/ads,FACEBK *Z3SA4KM6E2
2026-03-26,600000,meta-almagro-inmobiliaria-2026-03,Almagro Inmobiliaria,2026-03-26,26043547221997316-26024970580521646,,600000,Pagado,Facturas Meta\Almagro\marzo_2026\2026-03-26T12-31 Transacción n.º 26043547221997316-26024970580521646.pdf,66,2603 74987506085000806527228,2026-03-26,383VDJR6E2,600000,670.7,fb.me/ads,FACEBK *383VDJR6E2
2026-03-26,600000,meta-pilares-2026-03,Pilares,2026-03-26,26512187295135239-26429630873390884,,600000,Pagado,Facturas Meta\Pilares\marzo_2026\2026-03-26T23-16 Transacción n.º 26512187295135239-26429630873390884.pdf,65,2703 74987506085000730310220,2026-03-26,9H8DXKZ5E2,600000,670.7,fb.me/ads,FACEBK *9H8DXKZ5E2
2026-03-27,600000,meta-almagro-inmobiliaria-2026-03,Almagro Inmobiliaria,2026-03-27,26033872682964769-26128450496840312,,600000,Pagado,Facturas Meta\Almagro\marzo_2026\2026-03-27T07-24 Transacción n.º 26033872682964769-26128450496840312.pdf,69,2703 74987506086000601656072,2026-03-27,SBAN9KM6E2,600000,665.05,fb.me/ads,FACEBK *SBAN9KM6E2
2026-03-27,600000,meta-almagro-inmobiliaria-2026-03,Almagro Inmobiliaria,2026-03-27,26041487178869986-26170514855967216,,600000,Pagado,Facturas Meta\Almagro\marzo_2026\2026-03-27T22-15 Transacción n.º 26041487178869986-26170514855967216.pdf,67,3003 74987506086000217253223,2026-03-27,T64KMKD6E2,600000,665.05,fb.me/ads,FACEBK *T64KMKD6E2
2026-03-27,600000,meta-socovesa-2026-03,Socovesa,2026-03-27,26495207693503754-26841931475498041,,600000,Pagado,Facturas Meta\Socovesa\marzo_2026\2026-03-27T21-46 Transacción n.º 26495207693503754-26841931475498041.pdf,68,2703 74987506086000703609219,2026-03-27,ZAWFLKD6E2,600000,665.05,fb.me/ads,FACEBK *ZAWFLKD6E2
2026-03-28,89573,meta-almagro-inmobiliaria-2026-03,Almagro Inmobiliaria,2026-03-28,26179110541774308-26063961976622507,,89573,Pagado,Facturas Meta\Almagro\marzo_2026\2026-03-28T06-29 Transacción n.º 26179110541774308-26063961976622507.pdf,74,3003 74987506087000612953095,2026-03-28,9JKUQKD6E2,89573,99.37,fb.me/ads,FACEBK *9JKUQKD6E2
2026-03-28,600000,meta-almagro-inmobiliaria-2026-03,Almagro Inmobiliaria,2026-03-28,26442139172138110-26146182915067070,,600000,Pagado,Facturas Meta\Almagro\marzo_2026\2026-03-28T19-06 Transacción n.º 26442139172138110-26146182915067070.pdf,72,3003 74143616088000061502242,2026-03-28,CN66LJR6E2,600000,665.66,DUBLIN,FACEBK *CN66LJR6E2
2026-03-28,600000,meta-pilares-2026-03,Pilares,2026-03-28,26639634499057183-26446865688334072,,600000,Pagado,Facturas Meta\Pilares\marzo_2026\2026-03-28T17-38 Transacción n.º 26639634499057183-26446865688334072.pdf,70,3003 74987506087000101561227,2026-03-28,EQFYCKM6E2,600000,665.66,fb.me/ads,FACEBK *EQFYCKM6E2
2026-03-28,600000,meta-socovesa-2026-03,Socovesa,2026-03-28,26391735260517669-26511596498531543,,600000,Pagado,Facturas Meta\Socovesa\marzo_2026\2026-03-28T18-47 Transacción n.º 26391735260517669-26511596498531543.pdf,75,3003 74987506087000749185223,2026-03-28,QCT2YJ56E2,600000,665.66,fb.me/ads,FACEBK *QCT2YJ56E2
2026-03-29,600000,meta-almagro-inmobiliaria-2026-03,Almagro Inmobiliaria,2026-03-29,26060943946924309-26079475561737815,,600000,Pagado,Facturas Meta\Almagro\marzo_2026\2026-03-29T15-00 Transacción n.º 26060943946924309-26079475561737815.pdf,77,3003 74987506088000413084073,2026-03-29,S3C4WJV5E2,600000,665.66,fb.me/ads,FACEBK *S3C4WJV5E2
2026-03-29,600000,meta-socovesa-2026-03,Socovesa,2026-03-29,26396441093380416-26355710880786768,,600000,Pagado,Facturas Meta\Socovesa\marzo_2026\2026-03-29T16-21 Transacción n.º 26396441093380416-26355710880786768.pdf,76,3003 74987506088000529828066,2026-03-29,TCH9VKH6E2,600000,665.66,fb.me/ads,FACEBK *TCH9VKH6E2
2026-03-30,600000,meta-almagro-inmobiliaria-2026-03,Almagro Inmobiliaria,2026-03-30,26138015229217178-26198088239876544,,600000,Pagado,Facturas Meta\Almagro\marzo_2026\2026-03-30T11-03 Transacción n.º 26138015229217178-26198088239876544.pdf,80,3103 74987506089005007707095,2026-03-30,5VCCUJR6E2,600000,665.66,fb.me/ads,FACEBK *5VCCUJR6E2
2026-03-30,600000,meta-pilares-2026-03,Pilares,2026-03-30,26424847723869200-26424847790535860,,600000,Pagado,Facturas Meta\Pilares\marzo_2026\2026-03-30T12-50 Transacción n.º 26424847723869200-26424847790535860.pdf,79,3103 74987506089002715559223,2026-03-30,U63QUJR6E2,600000,665.66,fb.me/ads,FACEBK *U63QUJR6E2
2026-03-30,600000,meta-socovesa-2026-03,Socovesa,2026-03-30,26414787988212399-26871911899166665,,600000,Pagado,Facturas Meta\Socovesa\marzo_2026\2026-03-30T15-11 Transacción n.º 26414787988212399-26871911899166665.pdf,78,3103 74987506089001400282059,2026-03-30,XDB9YJV5E2,600000,665.66,fb.me/ads,FACEBK *XDB9YJV5E2
2026-03-31,600000,meta-almagro-inmobiliaria-2026-03,Almagro Inmobiliaria,2026-03-31,26075050148847022-26204235975928437,,600000,Pagado,Facturas Meta\Almagro\marzo_2026\2026-03-31T00-02 Transacción n.º 26075050148847022-26204235975928437.pdf,81,3103 74987506090000503537226,2026-03-31,R6LX6K96E2,600000,657.79,fb.me/ads,FACEBK *R6LX6K96E2
2026-03-31,600000,meta-almagro-inmobiliaria-2026-03,Almagro Inmobiliaria,2026-03-31,26154223180929716-26164783346540364,,600000,Pagado,Facturas Meta\Almagro\marzo_2026\2026-03-31T21-55 Transacción n.º 26154223180929716-26164783346540364.pdf,82,0104 74987506090000239273096,2026-03-31,RV9PQKM6E2,600000,657.79,fb.me/ads,FACEBK *RV9PQKM6E2
2026-04-01,937,meta-socovesa-2026-04,Socovesa,2026-04-01,26543082578716265-26543082655382924,,937,Pagado,Facturas Meta\Socovesa\abril_2026\2026-04-01T05-12 Transacción n.º 26543082578716265-26543082655382924.pdf,85,0204 74987506091000315248060,2026-04-01,PR6TZJR6E2,937,1.04,fb.me/ads,FACEBK *PR6TZJR6E2
2026-04-01,208051,meta-pilares-2026-04,Pilares,2026-04-01,26678339871853312-26678339995186633,,208051,Pagado,Facturas Meta\Pilares\abril_2026\2026-04-01T04-36 Transacción n.º 26678339871853312-26678339995186633.pdf,83,0204 74987506091000712014099,2026-04-01,P6BX5KV5E2,208051,229.62,fb.me/ads,FACEBK *P6BX5KV5E2
2026-04-01,600000,meta-almagro-inmobiliaria-2026-04,Almagro Inmobiliaria,2026-04-01,26190718083946886-26230392723312756,,600000,Pagado,Facturas Meta\Almagro\abril_2026\2026-04-01T18-20 Transacción n.º 26190718083946886-26230392723312756.pdf,86,0104 74987506091000401993215,2026-04-01,3QDU9K56E2,600000,662.2,fb.me/ads,FACEBK *3QDU9K56E2
2026-04-01,600000,meta-pilares-2026-04,Pilares,2026-04-01,26497576053263032-26493747180312589,,600000,Pagado,Facturas Meta\Pilares\abril_2026\2026-04-01T21-17 Transacción n.º 26497576053263032-26493747180312589.pdf,87,0204 74987506091000589676210,2026-04-01,CMV2DK96E2,600000,662.2,fb.me/ads,FACEBK *CMV2DK96E2
2026-04-01,600000,meta-socovesa-2026-04,Socovesa,2026-04-01,26513892794968582-26896375730053615,,600000,Pagado,Facturas Meta\Socovesa\abril_2026\2026-04-01T16-41 Transacción n.º 26513892794968582-26896375730053615.pdf,84,0204 74987506091000862596093,2026-04-01,NSVSCK96E2,600000,662.2,fb.me/ads,FACEBK *NSVSCK96E2
2026-04-02,600000,meta-almagro-inmobiliaria-2026-04,Almagro Inmobiliaria,2026-04-02,26236648039353897-26189793764039321,,600000,Pagado,Facturas Meta\Almagro\abril_2026\2026-04-02T15-48 Transacción n.º 26236648039353897-26189793764039321.pdf,88,0204 74987506092001000313085,2026-04-02,GKHALLZ5E2,600000,676.03,fb.me/ads,FACEBK *GKHALLZ5E2
2026-04-02,600000,meta-socovesa-2026-04,Socovesa,2026-04-02,26443100462047812-26505502195807636,,600000,Pagado,Facturas Meta\Socovesa\abril_2026\2026-04-02T17-30 Transacción n.º 26443100462047812-26505502195807636.pdf,89,0604 74987506092000769253094,2026-04-02,SR9XXKM6E2,600000,676.03,fb.me/ads,FACEBK *SR9XXKM6E2
2026-04-03,600000,meta-almagro-inmobiliaria-2026-04,Almagro Inmobiliaria,2026-04-03,26196169100068455-26116523334699703,,600000,Pagado,Facturas Meta\Almagro\abril_2026\2026-04-03T09-49 Transacción n.º 26196169100068455-26116523334699703.pdf,91,0604 74987506093000815033077,2026-04-03,429GSLZ5E2,600000,668.78,fb.me/ads,FACEBK *429GSLZ5E2
2026-04-03,600000,meta-pilares-2026-04,Pilares,2026-04-03,26709834795370486-26585162964504342,,600000,Pagado,Facturas Meta\Pilares\abril_2026\2026-04-03T14-45 Transacción n.º 26709834795370486-26585162964504342.pdf,92,0604 74987506093000418263089,2026-04-03,B2WK2LM6E2,600000,668.78,fb.me/ads,FACEBK *B2WK2LM6E2
2026-04-03,600000,meta-socovesa-2026-04,Socovesa,2026-04-03,26461144613576733-26465436386480892,,600000,Pagado,Facturas Meta\Socovesa\abril_2026\2026-04-03T18-00 Transacción n.º 26461144613576733-26465436386480892.pdf,93,0604 74987506093000737861092,2026-04-03,E5Y5LK96E2,600000,668.78,fb.me/ads,FACEBK *E5Y5LK96E2
2026-04-04,600000,meta-almagro-inmobiliaria-2026-04,Almagro Inmobiliaria,2026-04-04,26258140347204660-26203556055996426,,600000,Pagado,Facturas Meta\Almagro\abril_2026\2026-04-04T00-05 Transacción n.º 26258140347204660-26203556055996426.pdf,94,0604 74987506094000452251213,2026-04-04,8R65JLH6E2,600000,669.28,fb.me/ads,FACEBK *8R65JLH6E2
2026-04-04,600000,meta-almagro-inmobiliaria-2026-04,Almagro Inmobiliaria,2026-04-04,26524101463941880-26152073897811314,,600000,Pagado,Facturas Meta\Almagro\abril_2026\2026-04-04T19-31 Transacción n.º 26524101463941880-26152073897811314.pdf,95,0604 74987506094000003810210,2026-04-04,AH8ZLK96E2,600000,669.28,fb.me/ads,FACEBK *AH8ZLK96E2
2026-04-05,600000,meta-almagro-inmobiliaria-2026-04,Almagro Inmobiliaria,2026-04-05,26277251945293500-26269047289447303,,600000,Pagado,Facturas Meta\Almagro\abril_2026\2026-04-05T14-31 Transacción n.º 26277251945293500-26269047289447303.pdf,96,0604 74987506094000344228221,2026-04-05,DSQ7JLH6E2,600000,669.28,fb.me/ads,FACEBK *DSQ7JLH6E2
2026-04-05,600000,meta-pilares-2026-04,Pilares,2026-04-05,26624367083917256-26730664263287539,,600000,Pagado,Facturas Meta\Pilares\abril_2026\2026-04-05T08-10 Transacción n.º 26624367083917256-26730664263287539.pdf,98,0604 74987506095000607146077,2026-04-05,QZ3CYLZ5E2,600000,669.28,fb.me/ads,FACEBK *QZ3CYLZ5E2
2026-04-05,600000,meta-socovesa-2026-04,Socovesa,2026-04-05,26489227837435080-26563140996710428,,600000,Pagado,Facturas Meta\Socovesa\abril_2026\2026-04-05T18-09 Transacción n.º 26489227837435080-26563140996710428.pdf,97,0604 74987506095000432265225,2026-04-05,Z537ALM6E2,600000,669.28,fb.me/ads,FACEBK *Z537ALM6E2
2026-04-06,600000,meta-almagro-inmobiliaria-2026-04,Almagro Inmobiliaria,2026-04-06,26286916907660343-26175913715427332,,600000,Pagado,Facturas Meta\Almagro\abril_2026\2026-04-06T22-43 Transacción n.º 26286916907660343-26175913715427332.pdf,99,0604 74987506095000430414080,2026-04-06,6U2RZLZ5E2,600000,669.28,fb.me/ads,FACEBK *6U2RZLZ5E2
2026-04-06,600000,meta-almagro-inmobiliaria-2026-04,Almagro Inmobiliaria,2026-04-06,26542724132079613-26281590998192934,,600000,Pagado,Facturas Meta\Almagro\abril_2026\2026-04-06T11-03 Transacción n.º 26542724132079613-26281590998192934.pdf,100,0704 74987506096000611191076,2026-04-06,WBSUAKV6E2,600000,669.28,fb.me/ads,FACEBK *WBSUAKV6E2
2026-04-07,600000,meta-almagro-inmobiliaria-2026-04,Almagro Inmobiliaria,2026-04-07,26235988539419846-26557418897276803,,600000,Pagado,Facturas Meta\Almagro\abril_2026\2026-04-07T18-46 Transacción n.º 26235988539419846-26557418897276803.pdf,103,0704 74987506097000304682091,2026-04-07,5TBHMKR6E2,600000,673.53,fb.me/ads,FACEBK *5TBHMKR6E2
2026-04-07,600000,meta-socovesa-2026-04,Socovesa,2026-04-07,26457056150652248-26457056187318911,,600000,Pagado,Facturas Meta\Socovesa\abril_2026\2026-04-07T19-35 Transacción n.º 26457056150652248-26457056187318911.pdf,101,0704 74987506096000647218224,2026-04-07,LWMXBKV6E2,600000,673.53,fb.me/ads,FACEBK *LWMXBKV6E2
2026-04-08,600000,meta-almagro-inmobiliaria-2026-04,Almagro Inmobiliaria,2026-04-08,26566300523055307-26255391604146204,,600000,Pagado,Facturas Meta\Almagro\abril_2026\2026-04-08T13-20 Transacción n.º 26566300523055307-26255391604146204.pdf,105,0804 74987506097002939598213,2026-04-08,3JGBZK56E2,600000,666.36,fb.me/ads,FACEBK *3JGBZK56E2
2026-04-08,600000,meta-pilares-2026-04,Pilares,2026-04-08,26715351818152119-26573208419033131,,600000,Pagado,Facturas Meta\Pilares\abril_2026\2026-04-08T15-49 Transacción n.º 26715351818152119-26573208419033131.pdf,104,0804 74987506097003038106213,2026-04-08,NT5BQKR6E2,600000,666.36,fb.me/ads,FACEBK *NT5BQKR6E2
